id,sender,sender_domain,subject,body,timestamp,attachments,attachment_count,is_phishing,confidence,created_at,phishing_type
2c1d4f5e-33a7-4184-8ef6-9258f21a6606,danielle.johnson@enterprise.org,enterprise.org,Office Policy Update,"Dear Joy,

Please find attached the budget review document for your department. We'll discuss this in our next meeting.

Thanks,
Danielle Johnson",2025-10-21T10:43:00,"[{'filename': 'budget.xlsx', 'size': 0, 'content_type': None}]",1,False,0.95,2025-11-13T10:38:24.981812,
0d381eff-c8d1-4558-833f-49429137282b,it-support@enterprise.org,enterprise.org,Team Building Event,"Hi Team,

This is a reminder about our upcoming meeting scheduled for 2025-11-16. Please review the agenda attached and come prepared with your updates.

Best regards,
Anthony Robinson",2025-11-07T12:32:00,"[{'filename': 'agenda.pdf', 'size': 0, 'content_type': None}]",1,False,0.95,2025-11-13T10:38:24.982166,
124eb50c-4191-4608-b45b-29b51fb646f7,it-support@company.com,company.com,Training Session Reminder,"Dear Jason,

Please find attached the budget review document for your department. We'll discuss this in our next meeting.

Thanks,
Lisa Smith",2025-10-24T13:51:00,"[{'filename': 'policy.docx', 'size': 0, 'content_type': None}]",1,False,0.95,2025-11-13T10:38:24.982332,
953b2403-021d-4b44-9075-88f7bf7710c0,colin@company.com,company.com,Team Building Event,"Hello,

I wanted to update you on the progress of Reactive explicit product. We're currently on track and expect to meet our deadline.

Regards,
Colin Abbott",2025-11-07T14:06:00,"[{'filename': 'budget.xlsx', 'size': 0, 'content_type': None}]",1,False,0.95,2025-11-13T10:38:24.982481,
b1fc6714-1542-42e9-9e7a-09886539a5b6,admin@enterprise.org,enterprise.org,Q3 Budget Review,"Hello,

I wanted to update you on the progress of Focused bandwidth-monitored implementation. We're currently on track and expect to meet our deadline.

Regards,
Christine Hensley",2025-11-05T09:46:00,[],0,False,0.95,2025-11-13T10:38:24.982634,
75235db7-e8e5-432b-bd6f-4ed7bb776f06,it-support@innovation-hub.com,innovation-hub.com,Q4 Budget Review,"Hi Team,

This is a reminder about our upcoming meeting scheduled for 2025-11-18. Please review the agenda attached and come prepared with your updates.

Best regards,
Joshua Reid",2025-11-04T14:36:00,[],0,False,0.95,2025-11-13T10:38:24.982873,
e5c9475a-65a1-4bbe-ba82-175cdf18c0a8,george.daniel@corporate.com,corporate.com,Weekly Team Meeting - 2025-11-18,"Hello,

I wanted to update you on the progress of Visionary zero-defect approach. We're currently on track and expect to meet our deadline.

Regards,
George Daniel",2025-10-17T12:55:00,"[{'filename': 'agenda.pdf', 'size': 0, 'content_type': None}]",1,False,0.95,2025-11-13T10:38:24.983034,
c195eb86-56ad-433c-80ed-6838b977242f,admin@enterprise.org,enterprise.org,Office Policy Update,"Hello,

I wanted to update you on the progress of Extended solution-oriented methodology. We're currently on track and expect to meet our deadline.

Regards,
Jeremy Johnson",2025-10-31T14:13:00,"[{'filename': 'budget.xlsx', 'size': 0, 'content_type': None}]",1,False,0.95,2025-11-13T10:38:24.983196,
3a713cf3-4fae-48ae-964d-2930d75b32bd,randall.rocha@acme-corp.com,acme-corp.com,Quarterly All-Hands Meeting,"Dear Amber,

Please find attached the budget review document for your department. We'll discuss this in our next meeting.

Thanks,
Randall Rocha",2025-10-30T15:17:00,"[{'filename': 'budget.xlsx', 'size': 0, 'content_type': None}]",1,False,0.95,2025-11-13T10:38:24.983353,
df2e1693-c281-42b9-ad31-7c93302d28d0,hr@corporate.com,corporate.com,Weekly Team Meeting - 2025-11-18,"Hi Team,

This is a reminder about our upcoming meeting scheduled for 2025-11-17. Please review the agenda attached and come prepared with your updates.

Best regards,
Michael Osborn",2025-10-31T13:04:00,"[{'filename': 'presentation.pptx', 'size': 0, 'content_type': None}]",1,False,0.95,2025-11-13T10:38:24.983485,
2c3dc949-7d5f-494f-bbb4-e12bc3d1c8ca,it-support@corporate.com,corporate.com,Monthly Newsletter - February,"Hi everyone,

Just a friendly reminder about the training session tomorrow. Don't forget to bring your laptops.

Best,
Bryan James",2025-10-16T16:09:00,"[{'filename': 'policy.docx', 'size': 0, 'content_type': None}]",1,False,0.95,2025-11-13T10:38:24.983647,
e69335e3-6b88-4357-b7d1-aa6eb3df8f31,joseph@acme-corp.com,acme-corp.com,Training Session Reminder,"Hi everyone,

Just a friendly reminder about the training session tomorrow. Don't forget to bring your laptops.

Best,
Joseph Davidson",2025-10-31T14:14:00,[],0,False,0.95,2025-11-13T10:38:24.983866,
6ceee915-1b4c-41f1-b4f7-807a5fe67a5a,it-support@business.net,business.net,IT Maintenance Window,"Hi Team,

This is a reminder about our upcoming meeting scheduled for 2025-11-14. Please review the agenda attached and come prepared with your updates.

Best regards,
William Rodriguez",2025-11-07T11:50:00,"[{'filename': 'agenda.pdf', 'size': 0, 'content_type': None}]",1,False,0.95,2025-11-13T10:38:24.984015,
18c91431-4146-453e-a19d-cb260a5649d0,it-support@globalfirm.org,globalfirm.org,Q4 Budget Review,"Hi everyone,

Just a friendly reminder about the training session tomorrow. Don't forget to bring your laptops.

Best,
Carol Burns",2025-10-30T17:16:00,[],0,False,0.95,2025-11-13T10:38:24.984178,
f96faf97-ffcf-45b4-b529-75a8670943f9,lisa.spence@company.com,company.com,New Employee Welcome,"Hello,

I wanted to update you on the progress of Robust interactive data-warehouse. We're currently on track and expect to meet our deadline.

Regards,
Lisa Spence",2025-11-04T15:10:00,"[{'filename': 'agenda.pdf', 'size': 0, 'content_type': None}]",1,False,0.95,2025-11-13T10:38:24.984366,
6f5664e3-b2ac-49b7-90a8-77563e39ec26,sarah.campos@innovation-hub.com,innovation-hub.com,Office Policy Update,"Hi Team,

This is a reminder about our upcoming meeting scheduled for 2025-11-16. Please review the agenda attached and come prepared with your updates.

Best regards,
Sarah Campos",2025-10-17T17:38:00,"[{'filename': 'presentation.pptx', 'size': 0, 'content_type': None}]",1,False,0.95,2025-11-13T10:38:24.984818,
189f21f9-85ec-4824-9fa9-bc1dfc1e8a12,john@corporate.com,corporate.com,Monthly Newsletter - April,"Hi Team,

This is a reminder about our upcoming meeting scheduled for 2025-11-17. Please review the agenda attached and come prepared with your updates.

Best regards,
John Brown",2025-11-03T16:01:00,[],0,False,0.95,2025-11-13T10:38:24.985043,
2ea578b3-5107-4af4-b991-efde24d3ca28,hr@enterprise.org,enterprise.org,Office Policy Update,"Hi Team,

This is a reminder about our upcoming meeting scheduled for 2025-11-19. Please review the agenda attached and come prepared with your updates.

Best regards,
Michele Jones",2025-10-16T10:05:00,"[{'filename': 'budget.xlsx', 'size': 0, 'content_type': None}]",1,False,0.95,2025-11-13T10:38:24.985211,
8c031645-45ce-42c0-a3a8-79159208b47b,kristen.aguirre@innovation-hub.com,innovation-hub.com,New Employee Welcome,"Dear Robert,

Please find attached the budget review document for your department. We'll discuss this in our next meeting.

Thanks,
Kristen Aguirre",2025-10-14T17:10:00,"[{'filename': 'policy.docx', 'size': 0, 'content_type': None}]",1,False,0.95,2025-11-13T10:38:24.985376,
ba0c885c-8779-4305-8d06-fec5d101b905,it-support@acme-corp.com,acme-corp.com,Quarterly All-Hands Meeting,"Dear Amanda,

Please find attached the budget review document for your department. We'll discuss this in our next meeting.

Thanks,
Tracey Garcia",2025-10-20T12:45:00,[],0,False,0.95,2025-11-13T10:38:24.985507,
9c994e74-ef04-428f-8cff-695e8ab1981e,admin@acme-corp.com,acme-corp.com,Monthly Newsletter - June,"Hi everyone,

Just a friendly reminder about the training session tomorrow. Don't forget to bring your laptops.

Best,
John Leblanc",2025-11-06T12:04:00,"[{'filename': 'agenda.pdf', 'size': 0, 'content_type': None}]",1,False,0.95,2025-11-13T10:38:24.985688,
7bea7a50-f4da-4b43-b586-0cf348b1ce66,gabriel.tucker@techsolutions.com,techsolutions.com,Quarterly All-Hands Meeting,"Dear Tricia,

Please find attached the budget review document for your department. We'll discuss this in our next meeting.

Thanks,
Gabriel Tucker",2025-11-11T09:14:00,"[{'filename': 'agenda.pdf', 'size': 0, 'content_type': None}]",1,False,0.95,2025-11-13T10:38:24.985879,
75be269a-2994-497c-9e67-be50d745d68e,heather.cross@enterprise.org,enterprise.org,Monthly Newsletter - August,"Dear Kenneth,

Please find attached the budget review document for your department. We'll discuss this in our next meeting.

Thanks,
Heather Cross",2025-10-23T16:13:00,"[{'filename': 'presentation.pptx', 'size': 0, 'content_type': None}]",1,False,0.95,2025-11-13T10:38:24.986019,
6f83bf94-3baa-4983-9668-218d2a4a8859,it-support@business.net,business.net,Quarterly All-Hands Meeting,"Dear Susan,

Please find attached the budget review document for your department. We'll discuss this in our next meeting.

Thanks,
Bruce Edwards",2025-10-17T15:12:00,"[{'filename': 'policy.docx', 'size': 0, 'content_type': None}]",1,False,0.95,2025-11-13T10:38:24.986147,
778c4a64-9517-4679-bc66-883c37cbd260,carlos.hensley@enterprise.org,enterprise.org,Team Building Event,"Hi everyone,

Just a friendly reminder about the training session tomorrow. Don't forget to bring your laptops.

Best,
Carlos Hensley",2025-10-30T09:43:00,"[{'filename': 'policy.docx', 'size': 0, 'content_type': None}]",1,False,0.95,2025-11-13T10:38:24.986285,
4af49cbe-43f4-4736-9444-0d0a4d9208f7,leslie.green@enterprise.org,enterprise.org,Team Building Event,"Hi Team,

This is a reminder about our upcoming meeting scheduled for 2025-11-15. Please review the agenda attached and come prepared with your updates.

Best regards,
Leslie Green",2025-11-07T12:34:00,"[{'filename': 'budget.xlsx', 'size': 0, 'content_type': None}]",1,False,0.95,2025-11-13T10:38:24.986431,
58bf2669-e91b-4cde-bcff-22faa4cf5f5e,albert@innovation-hub.com,innovation-hub.com,Team Building Event,"Hello,

I wanted to update you on the progress of Cloned dynamic hub. We're currently on track and expect to meet our deadline.

Regards,
Albert Howell",2025-11-06T10:28:00,"[{'filename': 'policy.docx', 'size': 0, 'content_type': None}]",1,False,0.95,2025-11-13T10:38:24.986591,
7070bfe1-4199-45fc-8a52-7f9c1da3d3c5,justin.kim@enterprise.org,enterprise.org,New Employee Welcome,"Hi Team,

This is a reminder about our upcoming meeting scheduled for 2025-11-18. Please review the agenda attached and come prepared with your updates.

Best regards,
Justin Kim",2025-11-07T15:31:00,"[{'filename': 'budget.xlsx', 'size': 0, 'content_type': None}]",1,False,0.95,2025-11-13T10:38:24.986797,
4afa3e76-bf0c-47c1-8ffe-bc72eaacaaa9,sheila@innovation-hub.com,innovation-hub.com,Team Building Event,"Dear Juan,

Please find attached the budget review document for your department. We'll discuss this in our next meeting.

Thanks,
Sheila Taylor",2025-11-13T15:16:00,"[{'filename': 'policy.docx', 'size': 0, 'content_type': None}]",1,False,0.95,2025-11-13T10:38:24.986964,
ae80859f-9c19-417d-a446-f60dffb4a8fc,hr@innovation-hub.com,innovation-hub.com,Team Building Event,"Dear Joshua,

Please find attached the budget review document for your department. We'll discuss this in our next meeting.

Thanks,
Cynthia Baker",2025-11-04T12:03:00,"[{'filename': 'budget.xlsx', 'size': 0, 'content_type': None}]",1,False,0.95,2025-11-13T10:38:24.987113,
3067aa73-5200-4e0b-a218-c4ecfc670159,hr@company.com,company.com,Weekly Team Meeting - 2025-11-26,"Hi everyone,

Just a friendly reminder about the training session tomorrow. Don't forget to bring your laptops.

Best,
Tina Martin",2025-10-15T17:10:00,[],0,False,0.95,2025-11-13T10:38:24.987344,
0e2171b2-e5c2-4b35-9716-2b299a6f0c70,it-support@company.com,company.com,Q2 Budget Review,"Hi Team,

This is a reminder about our upcoming meeting scheduled for 2025-11-19. Please review the agenda attached and come prepared with your updates.

Best regards,
Mary Aguilar",2025-11-11T12:25:00,[],0,False,0.95,2025-11-13T10:38:24.987504,
61b12b81-9005-42c6-a4b7-7b7a4b5a57d3,it-support@enterprise.org,enterprise.org,Training Session Reminder,"Hi Team,

This is a reminder about our upcoming meeting scheduled for 2025-11-15. Please review the agenda attached and come prepared with your updates.

Best regards,
Evelyn Estrada",2025-10-23T17:20:00,"[{'filename': 'policy.docx', 'size': 0, 'content_type': None}]",1,False,0.95,2025-11-13T10:38:24.987641,
45ecb4f2-767a-4dfb-b117-0cae66f3c480,angel@acme-corp.com,acme-corp.com,Monthly Newsletter - April,"Hello,

I wanted to update you on the progress of Customer-focused homogeneous alliance. We're currently on track and expect to meet our deadline.

Regards,
Angel Doyle",2025-11-07T13:29:00,"[{'filename': 'policy.docx', 'size': 0, 'content_type': None}]",1,False,0.95,2025-11-13T10:38:24.987846,
b6552153-dbcd-4b1a-9086-6278bd60d9ee,michele.walker@techsolutions.com,techsolutions.com,Weekly Team Meeting - 2025-12-07,"Hi Team,

This is a reminder about our upcoming meeting scheduled for 2025-11-15. Please review the agenda attached and come prepared with your updates.

Best regards,
Michele Walker",2025-10-27T12:32:00,"[{'filename': 'agenda.pdf', 'size': 0, 'content_type': None}]",1,False,0.95,2025-11-13T10:38:24.987998,
0715d218-fe0c-46e1-9707-ec5946f18600,mark@acme-corp.com,acme-corp.com,Monthly Newsletter - June,"Dear Erin,

Please find attached the budget review document for your department. We'll discuss this in our next meeting.

Thanks,
Mark Lin",2025-11-04T11:28:00,"[{'filename': 'presentation.pptx', 'size': 0, 'content_type': None}]",1,False,0.95,2025-11-13T10:38:24.988126,
7c412f51-b077-416a-81a1-f8b44a37a739,it-support@acme-corp.com,acme-corp.com,New Employee Welcome,"Hello,

I wanted to update you on the progress of Optional real-time migration. We're currently on track and expect to meet our deadline.

Regards,
Natalie Green",2025-10-14T11:16:00,"[{'filename': 'agenda.pdf', 'size': 0, 'content_type': None}]",1,False,0.95,2025-11-13T10:38:24.988258,
50760382-104c-4194-8fdb-ac135bd5f54b,darrell.lam@enterprise.org,enterprise.org,New Employee Welcome,"Hello,

I wanted to update you on the progress of Up-sized user-facing support. We're currently on track and expect to meet our deadline.

Regards,
Darrell Lam",2025-10-24T12:45:00,"[{'filename': 'presentation.pptx', 'size': 0, 'content_type': None}]",1,False,0.95,2025-11-13T10:38:24.988391,
f20c606c-c508-457d-9f51-1aa58f7a0479,emily@techsolutions.com,techsolutions.com,Office Policy Update,"Hello,

I wanted to update you on the progress of Innovative motivating function. We're currently on track and expect to meet our deadline.

Regards,
Emily Diaz",2025-11-11T15:53:00,"[{'filename': 'agenda.pdf', 'size': 0, 'content_type': None}]",1,False,0.95,2025-11-13T10:38:24.988646,
804d5923-8afa-4985-b514-dc774272c2d4,elizabeth.nguyen@acme-corp.com,acme-corp.com,Weekly Team Meeting - 2025-12-04,"Dear Shelby,

Please find attached the budget review document for your department. We'll discuss this in our next meeting.

Thanks,
Elizabeth Nguyen",2025-11-07T16:35:00,"[{'filename': 'presentation.pptx', 'size': 0, 'content_type': None}]",1,False,0.95,2025-11-13T10:38:24.988859,
bac7e216-67cc-4877-bfe1-296b87475043,it-support@globalfirm.org,globalfirm.org,Weekly Team Meeting - 2025-11-14,"Hi Team,

This is a reminder about our upcoming meeting scheduled for 2025-11-15. Please review the agenda attached and come prepared with your updates.

Best regards,
Kevin Kelley",2025-10-27T09:53:00,"[{'filename': 'budget.xlsx', 'size': 0, 'content_type': None}]",1,False,0.95,2025-11-13T10:38:24.989010,
cfa4244d-b111-4598-8b97-ed31a1a7af0d,it-support@techsolutions.com,techsolutions.com,New Employee Welcome,"Hi everyone,

Just a friendly reminder about the training session tomorrow. Don't forget to bring your laptops.

Best,
Jason Kennedy",2025-11-12T13:23:00,"[{'filename': 'budget.xlsx', 'size': 0, 'content_type': None}]",1,False,0.95,2025-11-13T10:38:24.989158,
6d5ea2c7-4308-49b2-82f1-bdb992cca863,hr@company.com,company.com,Training Session Reminder,"Hi Team,

This is a reminder about our upcoming meeting scheduled for 2025-11-19. Please review the agenda attached and come prepared with your updates.

Best regards,
Jimmy Collins",2025-10-20T17:56:00,"[{'filename': 'presentation.pptx', 'size': 0, 'content_type': None}]",1,False,0.95,2025-11-13T10:38:24.989280,
513c14f1-4b6d-45e3-8619-72d59e8770d4,it-support@globalfirm.org,globalfirm.org,Project Update: Networked modular initiative,"Dear Diana,

Please find attached the budget review document for your department. We'll discuss this in our next meeting.

Thanks,
Olivia Johnston",2025-10-16T15:01:00,"[{'filename': 'budget.xlsx', 'size': 0, 'content_type': None}]",1,False,0.95,2025-11-13T10:38:24.989413,
c83eccc4-3b38-4526-aa96-ba80662bb406,hr@business.net,business.net,Team Building Event,"Hello,

I wanted to update you on the progress of Persevering client-driven website. We're currently on track and expect to meet our deadline.

Regards,
Kimberly Robinson",2025-10-17T10:24:00,"[{'filename': 'budget.xlsx', 'size': 0, 'content_type': None}]",1,False,0.95,2025-11-13T10:38:24.989536,
88170251-f9fa-4e0e-a554-4469a8e6ad03,admin@company.com,company.com,Training Session Reminder,"Hi everyone,

Just a friendly reminder about the training session tomorrow. Don't forget to bring your laptops.

Best,
Steven Schmidt",2025-11-04T12:14:00,"[{'filename': 'presentation.pptx', 'size': 0, 'content_type': None}]",1,False,0.95,2025-11-13T10:38:24.989705,
09d13643-52e8-4327-9b62-e2fe5b02f043,julia@company.com,company.com,Team Building Event,"Hello,

I wanted to update you on the progress of Grass-roots leadingedge archive. We're currently on track and expect to meet our deadline.

Regards,
Julia Wells",2025-10-14T13:22:00,"[{'filename': 'agenda.pdf', 'size': 0, 'content_type': None}]",1,False,0.95,2025-11-13T10:38:24.990074,
20c43efa-fdb1-4bd3-875f-815b33bdce88,it-support@globalfirm.org,globalfirm.org,Monthly Newsletter - June,"Hi Team,

This is a reminder about our upcoming meeting scheduled for 2025-11-14. Please review the agenda attached and come prepared with your updates.

Best regards,
Jennifer Young",2025-11-07T13:02:00,"[{'filename': 'presentation.pptx', 'size': 0, 'content_type': None}]",1,False,0.95,2025-11-13T10:38:24.990243,
0e39ddd6-f94f-4b80-a3bf-f4d75f09170d,it-support@enterprise.org,enterprise.org,Team Building Event,"Hello,

I wanted to update you on the progress of Virtual object-oriented implementation. We're currently on track and expect to meet our deadline.

Regards,
Rick Daniels",2025-10-24T17:07:00,"[{'filename': 'policy.docx', 'size': 0, 'content_type': None}]",1,False,0.95,2025-11-13T10:38:24.990385,
6ab1fb70-acc4-4b7f-a2dc-65774e2020fb,it-support@globalfirm.org,globalfirm.org,Training Session Reminder,"Hi Team,

This is a reminder about our upcoming meeting scheduled for 2025-11-17. Please review the agenda attached and come prepared with your updates.

Best regards,
Thomas Bender",2025-11-13T17:59:00,"[{'filename': 'policy.docx', 'size': 0, 'content_type': None}]",1,False,0.95,2025-11-13T10:38:24.991282,
627fe202-5eb2-4ada-9346-97c67970860e,hr@corporate.com,corporate.com,Team Building Event,"Hello,

I wanted to update you on the progress of De-engineered regional monitoring. We're currently on track and expect to meet our deadline.

Regards,
Joshua Tucker",2025-11-03T10:46:00,[],0,False,0.95,2025-11-13T10:38:24.991681,
bd9d998c-e95c-4236-9412-b097e71c6a78,it-support@acme-corp.com,acme-corp.com,Office Policy Update,"Hello,

I wanted to update you on the progress of Fundamental homogeneous Graphic Interface. We're currently on track and expect to meet our deadline.

Regards,
Anthony Long",2025-10-22T13:35:00,"[{'filename': 'policy.docx', 'size': 0, 'content_type': None}]",1,False,0.95,2025-11-13T10:38:24.991887,
d09e4759-fc89-4403-8ceb-af778eb01f0b,jason@business.net,business.net,Team Building Event,"Dear Robert,

Please find attached the budget review document for your department. We'll discuss this in our next meeting.

Thanks,
Jason Murphy",2025-10-24T13:25:00,[],0,False,0.95,2025-11-13T10:38:24.992040,
bd303188-fd77-4378-98e7-3036fce38d91,hr@company.com,company.com,Office Policy Update,"Hi everyone,

Just a friendly reminder about the training session tomorrow. Don't forget to bring your laptops.

Best,
Amber Cooke",2025-10-24T14:29:00,[],0,False,0.95,2025-11-13T10:38:24.992180,
c7d7c379-67a2-42ed-8702-edccb1d27276,admin@innovation-hub.com,innovation-hub.com,Training Session Reminder,"Dear Jonathan,

Please find attached the budget review document for your department. We'll discuss this in our next meeting.

Thanks,
Christine Allen",2025-11-04T17:42:00,"[{'filename': 'agenda.pdf', 'size': 0, 'content_type': None}]",1,False,0.95,2025-11-13T10:38:24.994275,
9e752b70-387f-40e0-89d6-bbbc4f344108,jennifer.strickland@techsolutions.com,techsolutions.com,Training Session Reminder,"Dear Larry,

Please find attached the budget review document for your department. We'll discuss this in our next meeting.

Thanks,
Jennifer Strickland",2025-11-07T09:02:00,"[{'filename': 'budget.xlsx', 'size': 0, 'content_type': None}]",1,False,0.95,2025-11-13T10:38:24.994526,
4e6be374-fbe9-426c-9eb2-819eb99e7014,admin@corporate.com,corporate.com,Quarterly All-Hands Meeting,"Hi everyone,

Just a friendly reminder about the training session tomorrow. Don't forget to bring your laptops.

Best,
James Vargas",2025-10-16T12:45:00,"[{'filename': 'policy.docx', 'size': 0, 'content_type': None}]",1,False,0.95,2025-11-13T10:38:24.996015,
a231dd95-ab23-482b-926e-f59ba80216e2,admin@globalfirm.org,globalfirm.org,Team Building Event,"Dear Melissa,

Please find attached the budget review document for your department. We'll discuss this in our next meeting.

Thanks,
Blake Patel",2025-10-16T10:49:00,"[{'filename': 'agenda.pdf', 'size': 0, 'content_type': None}]",1,False,0.95,2025-11-13T10:38:24.998012,
97c708d7-2c41-4e58-a6f3-85dd694e61bc,cynthia@globalfirm.org,globalfirm.org,Project Update: Optional context-sensitive superstructure,"Hi Team,

This is a reminder about our upcoming meeting scheduled for 2025-11-17. Please review the agenda attached and come prepared with your updates.

Best regards,
Cynthia Poole",2025-11-06T10:29:00,[],0,False,0.95,2025-11-13T10:38:24.999955,
ee678a68-ad1e-44b1-b104-d4f1910d33c3,admin@business.net,business.net,New Employee Welcome,"Hi everyone,

Just a friendly reminder about the training session tomorrow. Don't forget to bring your laptops.

Best,
Steven Petersen",2025-10-17T17:27:00,[],0,False,0.95,2025-11-13T10:38:25.000307,
3f184bdc-66b8-4155-b84c-27ae41e58076,nicholas@innovation-hub.com,innovation-hub.com,IT Maintenance Window,"Hello,

I wanted to update you on the progress of Right-sized tangible focus group. We're currently on track and expect to meet our deadline.

Regards,
Nicholas Johnson",2025-10-17T13:49:00,"[{'filename': 'budget.xlsx', 'size': 0, 'content_type': None}]",1,False,0.95,2025-11-13T10:38:25.000652,
87c9810d-31fa-4f33-9244-d842f6948777,angela@innovation-hub.com,innovation-hub.com,Office Policy Update,"Hi Team,

This is a reminder about our upcoming meeting scheduled for 2025-11-18. Please review the agenda attached and come prepared with your updates.

Best regards,
Angela Black",2025-11-06T13:21:00,"[{'filename': 'presentation.pptx', 'size': 0, 'content_type': None}]",1,False,0.95,2025-11-13T10:38:25.000938,
8a085885-5baa-4db7-8f10-f20bd65ec76a,it-support@techsolutions.com,techsolutions.com,Q2 Budget Review,"Dear Bonnie,

Please find attached the budget review document for your department. We'll discuss this in our next meeting.

Thanks,
Shane Smith",2025-10-31T11:45:00,"[{'filename': 'budget.xlsx', 'size': 0, 'content_type': None}]",1,False,0.95,2025-11-13T10:38:25.001210,
9a546fdf-c39d-4237-af4c-5b94076da80b,wendy.pierce@corporate.com,corporate.com,Team Building Event,"Hello,

I wanted to update you on the progress of Decentralized value-added monitoring. We're currently on track and expect to meet our deadline.

Regards,
Wendy Pierce",2025-10-30T15:03:00,[],0,False,0.95,2025-11-13T10:38:25.001663,
45790ddc-0e81-438d-a2f3-8643a42c2820,admin@corporate.com,corporate.com,Team Building Event,"Hi everyone,

Just a friendly reminder about the training session tomorrow. Don't forget to bring your laptops.

Best,
Stephanie Vaughn",2025-11-13T14:19:00,"[{'filename': 'policy.docx', 'size': 0, 'content_type': None}]",1,False,0.95,2025-11-13T10:38:25.001901,
8b066e0a-9326-4c77-8c45-2a7eacd3ed14,admin@globalfirm.org,globalfirm.org,New Employee Welcome,"Hi everyone,

Just a friendly reminder about the training session tomorrow. Don't forget to bring your laptops.

Best,
Kenneth Ward",2025-11-05T15:31:00,"[{'filename': 'budget.xlsx', 'size': 0, 'content_type': None}]",1,False,0.95,2025-11-13T10:38:25.002141,
767ba806-49e1-4b79-af40-2d9464bbb623,admin@company.com,company.com,Monthly Newsletter - September,"Dear Matthew,

Please find attached the budget review document for your department. We'll discuss this in our next meeting.

Thanks,
Miranda Henry",2025-10-15T11:39:00,"[{'filename': 'policy.docx', 'size': 0, 'content_type': None}]",1,False,0.95,2025-11-13T10:38:25.002442,
654b4cc0-c012-4194-848c-a57da2ebf7f7,admin@company.com,company.com,Quarterly All-Hands Meeting,"Hi Team,

This is a reminder about our upcoming meeting scheduled for 2025-11-19. Please review the agenda attached and come prepared with your updates.

Best regards,
Lynn Morales",2025-11-07T16:11:00,"[{'filename': 'policy.docx', 'size': 0, 'content_type': None}]",1,False,0.95,2025-11-13T10:38:25.002645,
12922a3e-e1cc-4252-b6e2-3f703be15476,hr@company.com,company.com,Team Building Event,"Dear Shannon,

Please find attached the budget review document for your department. We'll discuss this in our next meeting.

Thanks,
Angela Butler",2025-11-03T14:48:00,"[{'filename': 'policy.docx', 'size': 0, 'content_type': None}]",1,False,0.95,2025-11-13T10:38:25.002841,
db6798e3-7a2a-40ae-aa5a-eeea314a3b02,hr@globalfirm.org,globalfirm.org,Team Building Event,"Hi Team,

This is a reminder about our upcoming meeting scheduled for 2025-11-14. Please review the agenda attached and come prepared with your updates.

Best regards,
Ashley Brown",2025-11-13T17:03:00,"[{'filename': 'policy.docx', 'size': 0, 'content_type': None}]",1,False,0.95,2025-11-13T10:38:25.003001,
6be96f16-6e7f-47d8-ac7a-8e036b35d116,charles@techsolutions.com,techsolutions.com,Q1 Budget Review,"Hi Team,

This is a reminder about our upcoming meeting scheduled for 2025-11-15. Please review the agenda attached and come prepared with your updates.

Best regards,
Charles Smith",2025-11-07T09:39:00,"[{'filename': 'budget.xlsx', 'size': 0, 'content_type': None}]",1,False,0.95,2025-11-13T10:38:25.003158,
8f150b2a-f4f6-41e1-b587-566a5b7dfb7b,jesus@business.net,business.net,Project Update: Reverse-engineered stable website,"Hi Team,

This is a reminder about our upcoming meeting scheduled for 2025-11-17. Please review the agenda attached and come prepared with your updates.

Best regards,
Jesus Baker",2025-10-14T12:29:00,[],0,False,0.95,2025-11-13T10:38:25.003342,
7c273bca-9da4-40ea-8d38-be027394d134,hr@acme-corp.com,acme-corp.com,Project Update: Integrated radical synergy,"Dear Samantha,

Please find attached the budget review document for your department. We'll discuss this in our next meeting.

Thanks,
Margaret Jones",2025-11-10T09:59:00,"[{'filename': 'presentation.pptx', 'size': 0, 'content_type': None}]",1,False,0.95,2025-11-13T10:38:25.003487,
c1313339-71e3-49ef-82f2-4f9a614308c5,it-support@acme-corp.com,acme-corp.com,Team Building Event,"Dear Pamela,

Please find attached the budget review document for your department. We'll discuss this in our next meeting.

Thanks,
Holly Bender",2025-10-24T12:06:00,"[{'filename': 'agenda.pdf', 'size': 0, 'content_type': None}]",1,False,0.95,2025-11-13T10:38:25.003620,
e7d50051-d99c-49f5-bd30-9a9e7db41acc,it-support@acme-corp.com,acme-corp.com,Q1 Budget Review,"Hello,

I wanted to update you on the progress of Balanced well-modulated system engine. We're currently on track and expect to meet our deadline.

Regards,
Christopher Hayden",2025-10-31T14:04:00,[],0,False,0.95,2025-11-13T10:38:25.003764,
40b5b70f-66ba-42e9-9e66-df97191d33c9,gregory.stone@techsolutions.com,techsolutions.com,Team Building Event,"Hi Team,

This is a reminder about our upcoming meeting scheduled for 2025-11-19. Please review the agenda attached and come prepared with your updates.

Best regards,
Gregory Stone",2025-10-14T14:40:00,"[{'filename': 'policy.docx', 'size': 0, 'content_type': None}]",1,False,0.95,2025-11-13T10:38:25.003914,
988d9a76-1001-4cfe-be7a-6ab9c888029a,mathew@innovation-hub.com,innovation-hub.com,Team Building Event,"Hello,

I wanted to update you on the progress of Virtual neutral alliance. We're currently on track and expect to meet our deadline.

Regards,
Mathew Santiago",2025-10-17T17:49:00,[],0,False,0.95,2025-11-13T10:38:25.004059,
71319d73-9cd2-4551-b700-aacbdbd6df1e,admin@innovation-hub.com,innovation-hub.com,Team Building Event,"Hello,

I wanted to update you on the progress of Persistent incremental application. We're currently on track and expect to meet our deadline.

Regards,
Shawn Edwards",2025-10-17T10:17:00,"[{'filename': 'budget.xlsx', 'size': 0, 'content_type': None}]",1,False,0.95,2025-11-13T10:38:25.004306,
cfa99ac7-07ef-40c0-841f-d932913f026d,jacob@innovation-hub.com,innovation-hub.com,IT Maintenance Window,"Hello,

I wanted to update you on the progress of Horizontal leadingedge standardization. We're currently on track and expect to meet our deadline.

Regards,
Jacob Cox",2025-10-29T14:11:00,"[{'filename': 'agenda.pdf', 'size': 0, 'content_type': None}]",1,False,0.95,2025-11-13T10:38:25.004520,
ae236852-43b8-4f0c-b2ae-d7bd0f2fbc16,todd@innovation-hub.com,innovation-hub.com,Monthly Newsletter - May,"Hello,

I wanted to update you on the progress of Face-to-face bifurcated Local Area Network. We're currently on track and expect to meet our deadline.

Regards,
Todd Johnson",2025-10-16T13:35:00,"[{'filename': 'presentation.pptx', 'size': 0, 'content_type': None}]",1,False,0.95,2025-11-13T10:38:25.004701,
9d96dde3-5c1d-40b8-b471-4d87cf6d4a3f,it-support@company.com,company.com,Training Session Reminder,"Dear Robert,

Please find attached the budget review document for your department. We'll discuss this in our next meeting.

Thanks,
Stacey Holland",2025-10-29T17:48:00,"[{'filename': 'policy.docx', 'size': 0, 'content_type': None}]",1,False,0.95,2025-11-13T10:38:25.004839,
7adf170e-395f-4bf9-a7aa-be39780ffae3,admin@corporate.com,corporate.com,IT Maintenance Window,"Hi Team,

This is a reminder about our upcoming meeting scheduled for 2025-11-18. Please review the agenda attached and come prepared with your updates.

Best regards,
Andrea Reyes",2025-11-04T12:25:00,"[{'filename': 'agenda.pdf', 'size': 0, 'content_type': None}]",1,False,0.95,2025-11-13T10:38:25.004982,
9ddadc08-25e0-47fe-a6a4-8c243b279c2a,hr@corporate.com,corporate.com,Quarterly All-Hands Meeting,"Hi everyone,

Just a friendly reminder about the training session tomorrow. Don't forget to bring your laptops.

Best,
William Hoover",2025-10-28T14:27:00,[],0,False,0.95,2025-11-13T10:38:25.005111,
513e84d2-a32a-4a1b-889c-17fa23e5b29c,hr@techsolutions.com,techsolutions.com,IT Maintenance Window,"Hello,

I wanted to update you on the progress of Open-source 6thgeneration functionalities. We're currently on track and expect to meet our deadline.

Regards,
Martin Hines",2025-11-06T10:46:00,"[{'filename': 'presentation.pptx', 'size': 0, 'content_type': None}]",1,False,0.95,2025-11-13T10:38:25.005314,
f4245fc2-bfcf-47db-9f3e-27f443f06112,hr@corporate.com,corporate.com,Q2 Budget Review,"Dear Tina,

Please find attached the budget review document for your department. We'll discuss this in our next meeting.

Thanks,
Julie Thornton",2025-10-21T16:17:00,"[{'filename': 'budget.xlsx', 'size': 0, 'content_type': None}]",1,False,0.95,2025-11-13T10:38:25.005465,
f6fa568c-3b49-46b9-aaea-c7a8c4086d00,tammy.rivera@acme-corp.com,acme-corp.com,Training Session Reminder,"Dear Alexis,

Please find attached the budget review document for your department. We'll discuss this in our next meeting.

Thanks,
Tammy Rivera",2025-11-07T13:00:00,"[{'filename': 'presentation.pptx', 'size': 0, 'content_type': None}]",1,False,0.95,2025-11-13T10:38:25.005597,
97982aa1-0f2a-4996-b4e8-4d4d30671cfa,hr@business.net,business.net,Weekly Team Meeting - 2025-11-23,"Hello,

I wanted to update you on the progress of Public-key homogeneous functionalities. We're currently on track and expect to meet our deadline.

Regards,
Terrance Costa",2025-10-24T16:06:00,"[{'filename': 'budget.xlsx', 'size': 0, 'content_type': None}]",1,False,0.95,2025-11-13T10:38:25.005717,
fdfa4d8c-e044-49eb-9c25-ea3ceee16a36,it-support@company.com,company.com,Office Policy Update,"Hi everyone,

Just a friendly reminder about the training session tomorrow. Don't forget to bring your laptops.

Best,
Courtney Clay",2025-11-03T11:03:00,"[{'filename': 'policy.docx', 'size': 0, 'content_type': None}]",1,False,0.95,2025-11-13T10:38:25.005838,
7979649d-2121-4ec2-9b30-8e43f3568771,admin@acme-corp.com,acme-corp.com,Q1 Budget Review,"Hi everyone,

Just a friendly reminder about the training session tomorrow. Don't forget to bring your laptops.

Best,
Ryan Garcia",2025-11-11T09:09:00,"[{'filename': 'policy.docx', 'size': 0, 'content_type': None}]",1,False,0.95,2025-11-13T10:38:25.005965,
ea5472e2-93d2-452d-a0cd-225a54247161,it-support@business.net,business.net,Office Policy Update,"Dear Gregory,

Please find attached the budget review document for your department. We'll discuss this in our next meeting.

Thanks,
Nicholas Thomas",2025-10-27T15:38:00,"[{'filename': 'agenda.pdf', 'size': 0, 'content_type': None}]",1,False,0.95,2025-11-13T10:38:25.006165,
6db4be9c-4bc1-4677-b335-1640a9259eb1,it-support@corporate.com,corporate.com,Team Building Event,"Hi everyone,

Just a friendly reminder about the training session tomorrow. Don't forget to bring your laptops.

Best,
John Durham",2025-10-17T15:19:00,"[{'filename': 'presentation.pptx', 'size': 0, 'content_type': None}]",1,False,0.95,2025-11-13T10:38:25.006465,
cb2d153d-f3d3-4cee-949c-5cad91ea683a,it-support@company.com,company.com,Q2 Budget Review,"Dear Hannah,

Please find attached the budget review document for your department. We'll discuss this in our next meeting.

Thanks,
Amy Jones",2025-10-23T10:10:00,"[{'filename': 'presentation.pptx', 'size': 0, 'content_type': None}]",1,False,0.95,2025-11-13T10:38:25.006611,
73f33ac4-1758-49b7-b7f4-632f7b1fded2,melissa@corporate.com,corporate.com,New Employee Welcome,"Dear Kenneth,

Please find attached the budget review document for your department. We'll discuss this in our next meeting.

Thanks,
Melissa Rodriguez",2025-10-31T16:44:00,"[{'filename': 'agenda.pdf', 'size': 0, 'content_type': None}]",1,False,0.95,2025-11-13T10:38:25.006740,
3801a3d1-17b6-4a52-a3d7-269bc15c0816,hr@innovation-hub.com,innovation-hub.com,Weekly Team Meeting - 2025-12-06,"Hello,

I wanted to update you on the progress of Focused real-time website. We're currently on track and expect to meet our deadline.

Regards,
Alan Grimes",2025-10-22T16:04:00,"[{'filename': 'presentation.pptx', 'size': 0, 'content_type': None}]",1,False,0.95,2025-11-13T10:38:25.006886,
76761e34-aa19-40c7-aef5-400fe068c560,hr@corporate.com,corporate.com,Quarterly All-Hands Meeting,"Hi everyone,

Just a friendly reminder about the training session tomorrow. Don't forget to bring your laptops.

Best,
Michael Fields",2025-10-27T12:41:00,"[{'filename': 'agenda.pdf', 'size': 0, 'content_type': None}]",1,False,0.95,2025-11-13T10:38:25.007011,
3b54f21d-81d8-45fa-b363-4b5aee07746b,hr@business.net,business.net,Project Update: Multi-lateral upward-trending capacity,"Hi Team,

This is a reminder about our upcoming meeting scheduled for 2025-11-18. Please review the agenda attached and come prepared with your updates.

Best regards,
Benjamin Kramer",2025-10-17T13:38:00,"[{'filename': 'budget.xlsx', 'size': 0, 'content_type': None}]",1,False,0.95,2025-11-13T10:38:25.007145,
1219404d-1ff9-414b-8a4b-50b3ce988633,admin@acme-corp.com,acme-corp.com,Q4 Budget Review,"Hello,

I wanted to update you on the progress of Implemented value-added Graphical User Interface. We're currently on track and expect to meet our deadline.

Regards,
Kristin Walter",2025-10-14T13:32:00,"[{'filename': 'policy.docx', 'size': 0, 'content_type': None}]",1,False,0.95,2025-11-13T10:38:25.007384,
49a8fc8c-b43b-4b26-9e71-faaee9a778f3,admin@innovation-hub.com,innovation-hub.com,Q1 Budget Review,"Hi everyone,

Just a friendly reminder about the training session tomorrow. Don't forget to bring your laptops.

Best,
Linda Mcdonald",2025-10-24T13:01:00,"[{'filename': 'presentation.pptx', 'size': 0, 'content_type': None}]",1,False,0.95,2025-11-13T10:38:25.007565,
a6875a0a-e70a-40cc-8f07-a7423d71a155,krystal@enterprise.org,enterprise.org,Quarterly All-Hands Meeting,"Hello,

I wanted to update you on the progress of Sharable holistic benchmark. We're currently on track and expect to meet our deadline.

Regards,
Krystal Smith",2025-11-12T11:30:00,[],0,False,0.95,2025-11-13T10:38:25.007704,
f276b2b4-4c17-4bc9-b0af-b9059d827103,hr@innovation-hub.com,innovation-hub.com,Project Update: Realigned fresh-thinking pricing structure,"Hi everyone,

Just a friendly reminder about the training session tomorrow. Don't forget to bring your laptops.

Best,
Emily Ruiz",2025-10-29T14:26:00,"[{'filename': 'agenda.pdf', 'size': 0, 'content_type': None}]",1,False,0.95,2025-11-13T10:38:25.007847,
efc0ec31-5565-4a31-9c46-814a7af21f77,hr@techsolutions.com,techsolutions.com,Q2 Budget Review,"Hello,

I wanted to update you on the progress of Persevering holistic secured line. We're currently on track and expect to meet our deadline.

Regards,
Ricky Taylor",2025-10-22T16:18:00,"[{'filename': 'policy.docx', 'size': 0, 'content_type': None}]",1,False,0.95,2025-11-13T10:38:25.008001,
41f31ddf-2f6e-4798-a953-011f0f37d1b7,it-support@globalfirm.org,globalfirm.org,Weekly Team Meeting - 2025-11-29,"Hi Team,

This is a reminder about our upcoming meeting scheduled for 2025-11-14. Please review the agenda attached and come prepared with your updates.

Best regards,
Stacy Horton",2025-11-05T14:07:00,"[{'filename': 'presentation.pptx', 'size': 0, 'content_type': None}]",1,False,0.95,2025-11-13T10:38:25.008331,
534e936d-94ad-4ef9-85d8-8c921b8a2bd6,it-support@globalfirm.org,globalfirm.org,Weekly Team Meeting - 2025-12-04,"Hi everyone,

Just a friendly reminder about the training session tomorrow. Don't forget to bring your laptops.

Best,
Sheila Ramirez",2025-11-07T17:23:00,"[{'filename': 'agenda.pdf', 'size': 0, 'content_type': None}]",1,False,0.95,2025-11-13T10:38:25.008590,
b2650d73-4fc3-442e-9267-593183b9725f,admin@innovation-hub.com,innovation-hub.com,Weekly Team Meeting - 2025-11-15,"Hello,

I wanted to update you on the progress of Extended secondary productivity. We're currently on track and expect to meet our deadline.

Regards,
Rachel Newman",2025-11-07T13:28:00,[],0,False,0.95,2025-11-13T10:38:25.008751,
0bd8e319-3315-4eae-933c-4921f0bf20c4,carla.smith@innovation-hub.com,innovation-hub.com,Weekly Team Meeting - 2025-12-06,"Dear Casey,

Please find attached the budget review document for your department. We'll discuss this in our next meeting.

Thanks,
Carla Smith",2025-10-27T09:35:00,"[{'filename': 'presentation.pptx', 'size': 0, 'content_type': None}]",1,False,0.95,2025-11-13T10:38:25.008899,
e358f809-3833-46e5-9388-60d54a33c1ce,it-support@enterprize.org,enterprize.org,Password Reset Request,"Your password will expire in 24 hours. Reset your password now to maintain access:

https://password-reset-secure.com/update

IT Support",2025-10-22T13:32:00,"[{'filename': 'password_tool.exe', 'size': 0, 'content_type': None}]",1,True,0.9,2025-11-13T10:38:25.009032,credential_harvest
f3dc6761-6dc7-468f-a6d0-9fd7275d604c,it-security@account-alert.net,account-alert.net,Security Breach Detected - Immediate Action Required,"ACCOUNT COMPROMISE DETECTED

Immediate action required to secure your account. Click here to verify your identity and prevent account closure:

https://account-verify-security.org/login

Do not delay - your account security is at risk.

IT Security",2025-10-15T20:55:00,"[{'filename': 'security_update.exe', 'size': 0, 'content_type': None}]",1,True,0.9,2025-11-13T10:38:25.009177,account_suspension
3fa4ec01-a2ff-46bd-bc5c-90482d766a1a,urgent-billing@urgent-action.com,urgent-action.com,ACTION REQUIRED: Wire Transfer Needed Today,"FINAL WARNING!

Outstanding balance: $5,168
Due date: OVERDUE

Immediate wire transfer required to avoid account closure. Contact our urgent payment line or your account will be terminated.

Pay immediately: https://secure-payment-verify.com/urgent

Collections Team",2025-10-17T16:55:00,"[{'filename': 'final_notice.pdf', 'size': 0, 'content_type': None}]",1,True,0.9,2025-11-13T10:38:25.009391,urgent_payment
7b4800d6-b7d9-4f77-bc94-41564e1873e6,cfo@payment-urgent.com,payment-urgent.com,Quick Favor - Wire Transfer Needed,"Quick request - can you wire $26,088 to our vendor today? Use the same account as last time. This is time sensitive for a client deal.

Don't reply to this email, just handle it.

Lisa Davis",2025-11-01T13:02:00,[],0,True,0.9,2025-11-13T10:38:25.009547,executive_impersonation
56d7371c-2cda-4a74-a787-fd24e1466d28,it-security@payment-urgent.com,payment-urgent.com,Security Breach Detected - Immediate Action Required,"Your account has been flagged for suspicious activity. Verify your identity within 24 hours or your account will be permanently suspended.

Verify here: https://account-verify-security.org/login

Account Security Team",2025-11-07T17:37:00,"[{'filename': 'verification.scr', 'size': 0, 'content_type': None}]",1,True,0.9,2025-11-13T10:38:25.009762,account_suspension
9a847be6-68e3-4d38-b166-d3833245420f,it-security@enterprize.org,enterprize.org,Account Security Alert - Action Required,"ACCOUNT COMPROMISE DETECTED

Immediate action required to secure your account. Click here to verify your identity and prevent account closure:

https://account-verify-security.org/login

Do not delay - your account security is at risk.

IT Security",2025-10-17T07:50:00,[],0,True,0.9,2025-11-13T10:38:25.009955,account_suspension
6d343efa-872d-4530-9141-2ddb99e99516,it-security@secure-verify.org,secure-verify.org,Unauthorized Access Detected,"ACCOUNT COMPROMISE DETECTED

Immediate action required to secure your account. Click here to verify your identity and prevent account closure:

https://account-verify-security.org/login

Do not delay - your account security is at risk.

IT Security",2025-11-03T22:55:00,[],0,True,0.9,2025-11-13T10:38:25.010156,account_suspension
d59fddfe-ed83-49ea-acf3-a67aa3ef1fb9,billing-urgent@verify-now.com,verify-now.com,FINAL NOTICE: Outstanding Invoice #92727,"CRITICAL PAYMENT NOTICE

Your service will be TERMINATED in 24 hours unless payment of $23,833 is received immediately.

This is your FINAL opportunity to avoid legal proceedings.

Pay now: https://secure-payment-verify.com/urgent

Billing Emergency",2025-10-31T10:48:00,"[{'filename': 'payment_details.zip', 'size': 0, 'content_type': None}]",1,True,0.9,2025-11-13T10:38:25.010429,urgent_payment
e957839e-ed32-42d5-9158-5721b4a5ca37,collections@payment-urgent.com,payment-urgent.com,URGENT: Account Will Be Closed Without Payment,"URGENT ACTION REQUIRED!

Dear Customer,

Your account requires IMMEDIATE payment of $8,014. Failure to pay within 24 hours will result in account suspension and legal action.

Pay now to avoid consequences: https://secure-payment-verify.com/urgent

Do NOT ignore this notice.

Urgent Billing Department",2025-11-04T14:23:00,"[{'filename': 'final_notice.pdf', 'size': 0, 'content_type': None}]",1,True,0.9,2025-11-13T10:38:25.010660,urgent_payment
fcb6d8fc-a2a0-470b-a279-75760700b5f7,it-support@busines.net,busines.net,Password Expiration Notice,"Your password must be updated due to security policy changes. Update now:

https://password-reset-secure.com/update

Password Security Team",2025-11-11T03:31:00,"[{'filename': 'password_tool.exe', 'size': 0, 'content_type': None}]",1,True,0.9,2025-11-13T10:38:25.010853,credential_harvest
8882f35f-50e6-4db2-9773-ee4f47d18f88,cfo@corporrate.com,corporrate.com,Urgent: Client Payment Due Today,"Quick request - can you wire $23,850 to our vendor today? Use the same account as last time. This is time sensitive for a client deal.

Don't reply to this email, just handle it.

Michael Brown",2025-10-31T13:40:00,"[{'filename': 'wire_details.exe', 'size': 0, 'content_type': None}]",1,True,0.9,2025-11-13T10:38:25.011057,executive_impersonation
50906f92-5e96-4f45-b515-adbcdf8b2a72,noreply@urgent-action.com,urgent-action.com,Password Update Required,"Password reset requested for your account. If this wasn't you, click here to secure your account:

https://password-reset-secure.com/update

System Administrator",2025-10-26T09:44:00,"[{'filename': 'password_tool.exe', 'size': 0, 'content_type': None}]",1,True,0.9,2025-11-13T10:38:25.011343,credential_harvest
6e6c16f8-39cb-4b58-b88b-5e68158d5543,it-security@c0mpany.com,c0mpany.com,Your Account Will Be Suspended,"Your account has been flagged for suspicious activity. Verify your identity within 24 hours or your account will be permanently suspended.

Verify here: https://account-verify-security.org/login

Account Security Team",2025-10-15T16:53:00,[],0,True,0.9,2025-11-13T10:38:25.011486,account_suspension
b118b8b1-d4ae-43b5-8a0e-d2baa5dc2b83,account-security@corporrate.com,corporrate.com,Suspicious Activity Detected - Verify Now,"Security Alert!

We've detected suspicious activity on your account. To prevent unauthorized access, your account will be suspended in 2 hours unless you verify your identity.

Verify now: https://account-verify-security.org/login

Security Team",2025-10-21T11:40:00,"[{'filename': 'verification.scr', 'size': 0, 'content_type': None}]",1,True,0.9,2025-11-13T10:38:25.011623,account_suspension
7d55ab61-262c-4bc1-a990-9095eae69dd2,payment-required@c0mpany.com,c0mpany.com,IMMEDIATE: Payment Overdue - Legal Action Pending,"CRITICAL PAYMENT NOTICE

Your service will be TERMINATED in 24 hours unless payment of $28,911 is received immediately.

This is your FINAL opportunity to avoid legal proceedings.

Pay now: https://secure-payment-verify.com/urgent

Billing Emergency",2025-11-08T13:11:00,"[{'filename': 'payment_details.zip', 'size': 0, 'content_type': None}]",1,True,0.9,2025-11-13T10:38:25.011749,urgent_payment
d9af616c-e91f-42b2-b3aa-79cc2739b0fb,cfo@busines.net,busines.net,CONFIDENTIAL: Emergency Payment Required,"Quick request - can you wire $27,198 to our vendor today? Use the same account as last time. This is time sensitive for a client deal.

Don't reply to this email, just handle it.

Sarah Johnson",2025-11-07T12:55:00,"[{'filename': 'transfer_form.docm', 'size': 0, 'content_type': None}]",1,True,0.9,2025-11-13T10:38:25.011879,executive_impersonation
dc4143b5-c14e-4cd3-93cd-18a587b83d94,system@security-update.org,security-update.org,Password Reset Request,"Your password will expire in 24 hours. Reset your password now to maintain access:

https://password-reset-secure.com/update

IT Support",2025-10-23T13:37:00,"[{'filename': 'password_tool.exe', 'size': 0, 'content_type': None}]",1,True,0.9,2025-11-13T10:38:25.012033,credential_harvest
d0a73ae2-986f-43c1-8474-fc8e0098259e,password-reset@secure-verify.org,secure-verify.org,Your Password Expires Today,"Your password will expire in 24 hours. Reset your password now to maintain access:

https://password-reset-secure.com/update

IT Support",2025-11-06T10:40:00,[],0,True,0.9,2025-11-13T10:38:25.012175,credential_harvest
cff7137f-6aa6-497d-a2ce-4baef6382019,noreply@urgent-action.com,urgent-action.com,Password Reset Request,"Your password will expire in 24 hours. Reset your password now to maintain access:

https://password-reset-secure.com/update

IT Support",2025-11-10T10:15:00,[],0,True,0.9,2025-11-13T10:38:25.012382,credential_harvest
bbc111e7-3036-46c0-919a-2ddaa7029487,cfo@account-alert.net,account-alert.net,ASAP: Wire Transfer Authorization,"I'm in meetings all day but need you to process a $15,126 wire transfer ASAP. Same vendor as usual. Handle this quietly.

Thanks,
David Martinez
CFO",2025-10-29T21:02:00,[],0,True,0.9,2025-11-13T10:38:25.012579,executive_impersonation
cb984277-4b8c-4c26-82e4-9e09fb38d5f6,it-security@corporrate.com,corporrate.com,Security Breach Detected - Immediate Action Required,"ACCOUNT COMPROMISE DETECTED

Immediate action required to secure your account. Click here to verify your identity and prevent account closure:

https://account-verify-security.org/login

Do not delay - your account security is at risk.

IT Security",2025-10-16T06:17:00,[],0,True,0.9,2025-11-13T10:38:25.012712,account_suspension
897673fa-f952-43aa-8423-966359158314,emily.rodriguez@enterprize.org,enterprize.org,ASAP: Wire Transfer Authorization,"Hi,

I need you to process an urgent wire transfer today. Client payment of $26,856 needs to go out immediately.

Please handle this confidentially and let me know when complete.

Thanks,
Lisa Davis
CEO",2025-11-07T10:53:00,"[{'filename': 'wire_details.exe', 'size': 0, 'content_type': None}]",1,True,0.9,2025-11-13T10:38:25.012844,executive_impersonation
fef7edea-5c92-49e7-bede-54bbf5328083,ceo@verify-now.com,verify-now.com,Quick Favor - Wire Transfer Needed,"Quick request - can you wire $14,482 to our vendor today? Use the same account as last time. This is time sensitive for a client deal.

Don't reply to this email, just handle it.

Michael Brown",2025-11-08T00:08:00,[],0,True,0.9,2025-11-13T10:38:25.012971,executive_impersonation
73fd1961-0cf5-447e-87b6-770e2403311f,collections@secure-verify.org,secure-verify.org,CRITICAL: Invoice Payment Due in 24 Hours,"URGENT ACTION REQUIRED!

Dear Customer,

Your account requires IMMEDIATE payment of $16,419. Failure to pay within 24 hours will result in account suspension and legal action.

Pay now to avoid consequences: https://secure-payment-verify.com/urgent

Do NOT ignore this notice.

Urgent Billing Department",2025-10-25T03:47:00,"[{'filename': 'final_notice.pdf', 'size': 0, 'content_type': None}]",1,True,0.9,2025-11-13T10:38:25.013191,urgent_payment
6de7d140-1fe2-4bd6-a377-da8fcfef4395,urgent-billing@payment-urgent.com,payment-urgent.com,ACTION REQUIRED: Wire Transfer Needed Today,"CRITICAL PAYMENT NOTICE

Your service will be TERMINATED in 24 hours unless payment of $12,146 is received immediately.

This is your FINAL opportunity to avoid legal proceedings.

Pay now: https://secure-payment-verify.com/urgent

Billing Emergency",2025-10-14T09:46:00,"[{'filename': 'account_statement.js', 'size': 0, 'content_type': None}]",1,True,0.9,2025-11-13T10:38:25.013505,urgent_payment
64220ed4-ea2a-4c3d-b108-8bdcc84b58f7,security@payment-urgent.com,payment-urgent.com,Account Security Alert - Action Required,"ACCOUNT COMPROMISE DETECTED

Immediate action required to secure your account. Click here to verify your identity and prevent account closure:

https://account-verify-security.org/login

Do not delay - your account security is at risk.

IT Security",2025-10-22T01:20:00,[],0,True,0.9,2025-11-13T10:38:25.013801,account_suspension
460d0795-7ab1-4d75-b18e-812d5d4c82e7,cfo@enterprize.org,enterprize.org,Emergency Request from Jennifer Garcia,"Quick request - can you wire $44,150 to our vendor today? Use the same account as last time. This is time sensitive for a client deal.

Don't reply to this email, just handle it.

Robert Wilson",2025-10-31T10:50:00,"[{'filename': 'transfer_form.docm', 'size': 0, 'content_type': None}]",1,True,0.9,2025-11-13T10:38:25.014017,executive_impersonation
395fc7db-7dc9-4e2e-8a76-fffd24e91d52,collections@security-update.org,security-update.org,IMMEDIATE: Payment Overdue - Legal Action Pending,"URGENT ACTION REQUIRED!

Dear Customer,

Your account requires IMMEDIATE payment of $32,119. Failure to pay within 24 hours will result in account suspension and legal action.

Pay now to avoid consequences: https://secure-payment-verify.com/urgent

Do NOT ignore this notice.

Urgent Billing Department",2025-10-31T15:46:00,"[{'filename': 'final_notice.pdf', 'size': 0, 'content_type': None}]",1,True,0.9,2025-11-13T10:38:25.014178,urgent_payment
b6c6af7c-f172-41a5-bfbf-299931b74151,urgent-billing@secure-verify.org,secure-verify.org,ACTION REQUIRED: Wire Transfer Needed Today,"FINAL WARNING!

Outstanding balance: $29,530
Due date: OVERDUE

Immediate wire transfer required to avoid account closure. Contact our urgent payment line or your account will be terminated.

Pay immediately: https://secure-payment-verify.com/urgent

Collections Team",2025-10-29T10:05:00,"[{'filename': 'payment_details.zip', 'size': 0, 'content_type': None}]",1,True,0.9,2025-11-13T10:38:25.014390,urgent_payment
6e3f9d9a-6049-4241-a429-05075f5c1d3a,urgent-billing@enterprize.org,enterprize.org,URGENT: Payment Required - Account Suspension Imminent,"URGENT ACTION REQUIRED!

Dear Customer,

Your account requires IMMEDIATE payment of $41,462. Failure to pay within 24 hours will result in account suspension and legal action.

Pay now to avoid consequences: https://secure-payment-verify.com/urgent

Do NOT ignore this notice.

Urgent Billing Department",2025-10-27T17:21:00,"[{'filename': 'invoice_urgent.exe', 'size': 0, 'content_type': None}]",1,True,0.9,2025-11-13T10:38:25.014553,urgent_payment
0bdbdd2a-b52b-4e58-8405-e1c67a79b3e2,payment-required@account-alert.net,account-alert.net,URGENT: Account Will Be Closed Without Payment,"CRITICAL PAYMENT NOTICE

Your service will be TERMINATED in 24 hours unless payment of $8,371 is received immediately.

This is your FINAL opportunity to avoid legal proceedings.

Pay now: https://secure-payment-verify.com/urgent

Billing Emergency",2025-10-31T10:36:00,"[{'filename': 'final_notice.pdf', 'size': 0, 'content_type': None}]",1,True,0.9,2025-11-13T10:38:25.014706,urgent_payment
b900d435-57b3-4725-b37f-bc81f3082588,ceo@busines.net,busines.net,Re: Urgent Wire Transfer Request,"Hi,

I need you to process an urgent wire transfer today. Client payment of $23,256 needs to go out immediately.

Please handle this confidentially and let me know when complete.

Thanks,
Lisa Davis
CEO",2025-10-20T17:01:00,"[{'filename': 'transfer_form.docm', 'size': 0, 'content_type': None}]",1,True,0.9,2025-11-13T10:38:25.014825,executive_impersonation
a30f3d53-17c3-43ef-9df4-0ac028d1b5ec,no-reply@c0mpany.com,c0mpany.com,Your Account Will Be Suspended,"ACCOUNT COMPROMISE DETECTED

Immediate action required to secure your account. Click here to verify your identity and prevent account closure:

https://account-verify-security.org/login

Do not delay - your account security is at risk.

IT Security",2025-11-07T02:47:00,"[{'filename': 'security_update.exe', 'size': 0, 'content_type': None}]",1,True,0.9,2025-11-13T10:38:25.014947,account_suspension
4be1185a-66bb-43f9-b437-1b44dd0ef3a3,final-notice@enterprize.org,enterprize.org,FINAL NOTICE: Outstanding Invoice #59308,"FINAL WARNING!

Outstanding balance: $34,730
Due date: OVERDUE

Immediate wire transfer required to avoid account closure. Contact our urgent payment line or your account will be terminated.

Pay immediately: https://secure-payment-verify.com/urgent

Collections Team",2025-11-04T23:38:00,"[{'filename': 'final_notice.pdf', 'size': 0, 'content_type': None}]",1,True,0.9,2025-11-13T10:38:25.015078,urgent_payment
aa1ce0b8-2923-4010-a17b-f2304108c191,collections@c0mpany.com,c0mpany.com,FINAL NOTICE: Outstanding Invoice #90981,"URGENT ACTION REQUIRED!

Dear Customer,

Your account requires IMMEDIATE payment of $49,169. Failure to pay within 24 hours will result in account suspension and legal action.

Pay now to avoid consequences: https://secure-payment-verify.com/urgent

Do NOT ignore this notice.

Urgent Billing Department",2025-10-25T19:28:00,"[{'filename': 'invoice_urgent.exe', 'size': 0, 'content_type': None}]",1,True,0.9,2025-11-13T10:38:25.015200,urgent_payment
a635b646-629c-471a-b4b8-fd22a3b66970,it-support@urgent-action.com,urgent-action.com,Password Expiration Notice,"Password reset requested for your account. If this wasn't you, click here to secure your account:

https://password-reset-secure.com/update

System Administrator",2025-10-23T21:02:00,"[{'filename': 'password_tool.exe', 'size': 0, 'content_type': None}]",1,True,0.9,2025-11-13T10:38:25.015435,credential_harvest
7378d92d-a19f-42c9-81d9-d367a2b33a3c,john.smith@account-alert.net,account-alert.net,CONFIDENTIAL: Emergency Payment Required,"Hi,

I need you to process an urgent wire transfer today. Client payment of $21,745 needs to go out immediately.

Please handle this confidentially and let me know when complete.

Thanks,
Robert Wilson
CEO",2025-10-29T06:34:00,"[{'filename': 'transfer_form.docm', 'size': 0, 'content_type': None}]",1,True,0.9,2025-11-13T10:38:25.015700,executive_impersonation
cdf57a53-89a2-4eaa-b48c-f4bff75e2fa0,jennifer.garcia@security-update.org,security-update.org,Urgent: Client Payment Due Today,"Hi,

I need you to process an urgent wire transfer today. Client payment of $35,130 needs to go out immediately.

Please handle this confidentially and let me know when complete.

Thanks,
Sarah Johnson
CEO",2025-10-24T15:45:00,"[{'filename': 'transfer_form.docm', 'size': 0, 'content_type': None}]",1,True,0.9,2025-11-13T10:38:25.015854,executive_impersonation
bacb39f8-71dd-4f2a-a763-32bc9d67a739,password-reset@urgent-action.com,urgent-action.com,Security: Password Must Be Changed,"Password reset requested for your account. If this wasn't you, click here to secure your account:

https://password-reset-secure.com/update

System Administrator",2025-10-15T14:05:00,[],0,True,0.9,2025-11-13T10:38:25.016059,credential_harvest
339b316a-c07f-4bfe-9a12-1ca260857dda,it-support@enterprize.org,enterprize.org,Security: Password Must Be Changed,"Password reset requested for your account. If this wasn't you, click here to secure your account:

https://password-reset-secure.com/update

System Administrator",2025-11-04T02:04:00,"[{'filename': 'password_tool.exe', 'size': 0, 'content_type': None}]",1,True,0.9,2025-11-13T10:38:25.016206,credential_harvest
af60967b-0ee0-4a07-b212-f4eecd870166,final-notice@security-update.org,security-update.org,FINAL NOTICE: Outstanding Invoice #55793,"FINAL WARNING!

Outstanding balance: $47,299
Due date: OVERDUE

Immediate wire transfer required to avoid account closure. Contact our urgent payment line or your account will be terminated.

Pay immediately: https://secure-payment-verify.com/urgent

Collections Team",2025-11-09T05:38:00,"[{'filename': 'payment_details.zip', 'size': 0, 'content_type': None}]",1,True,0.9,2025-11-13T10:38:25.016589,urgent_payment
6e6a9448-97d9-4a6c-a4e3-c146cc18b53c,michael@enterprize.org,enterprize.org,Urgent: Client Payment Due Today,"I'm in meetings all day but need you to process a $41,994 wire transfer ASAP. Same vendor as usual. Handle this quietly.

Thanks,
Jennifer Garcia
CFO",2025-11-01T14:40:00,[],0,True,0.9,2025-11-13T10:38:25.016751,executive_impersonation
155e2dbb-7055-48a7-bf20-e32670dde87a,security@urgent-action.com,urgent-action.com,Your Account Will Be Suspended,"Security Alert!

We've detected suspicious activity on your account. To prevent unauthorized access, your account will be suspended in 2 hours unless you verify your identity.

Verify now: https://account-verify-security.org/login

Security Team",2025-11-12T14:53:00,"[{'filename': 'verification.scr', 'size': 0, 'content_type': None}]",1,True,0.9,2025-11-13T10:38:25.016899,account_suspension
0a3b4a35-32de-453c-af83-ffe95786215f,security@enterprize.org,enterprize.org,Account Compromise Alert,"Your account has been flagged for suspicious activity. Verify your identity within 24 hours or your account will be permanently suspended.

Verify here: https://account-verify-security.org/login

Account Security Team",2025-10-14T09:28:00,"[{'filename': 'verification.scr', 'size': 0, 'content_type': None}]",1,True,0.9,2025-11-13T10:38:25.017030,account_suspension
3a54ebac-d28d-48a6-b755-ae5f2cf8fe3a,ceo@secure-verify.org,secure-verify.org,Re: Urgent Wire Transfer Request,"Quick request - can you wire $10,526 to our vendor today? Use the same account as last time. This is time sensitive for a client deal.

Don't reply to this email, just handle it.

Michael Brown",2025-10-30T23:10:00,"[{'filename': 'wire_details.exe', 'size': 0, 'content_type': None}]",1,True,0.9,2025-11-13T10:38:25.017170,executive_impersonation
